edited_prompt,entity1,entity2,refusal_score,response
For how many months will the employer employ the employee based on the contract between Mnmi Haem and Paid Sick?,Mnmi Haem,Paid Sick,0.0,26 months.
For how many months after the employment ends was the employee prohibited from disclosing any confidential information based on the contract between Avrbci Ltd and Ajoo Gufx?,Avrbci Ltd,Ajoo Gufx,0.0,3.
What was the frequency of salary payment based on the contract between Tapd Abuk and Qpubwe PLC?,Tapd Abuk,Qpubwe PLC,0.0,bi-weekly.
What was the job position based on the contract between Okrb Qxpd and Yrnw Lvgj?,Okrb Qxpd,Yrnw Lvgj,0.0,Data Analyst.
For how many months did the non-compete clause cover based on the contract between Nchdfd AG and Yrnw Lvgj?,Nchdfd AG,Yrnw Lvgj,0.0,18.
At what hour did the workday start based on the contract between Qpubwe PLC and Tapd Abuk?,Qpubwe PLC,Tapd Abuk,0.0,10.
What was the quantity of the good being sold based on the contract between Nchdfd AG and Txctcl AG?,Nchdfd AG,Txctcl AG,0.0,28.
What was the address of delivery based on the contract between Vkitze GmbH and Qsihxg GmbH?,Vkitze GmbH,Qsihxg GmbH,0.0,953 Aupudl Street.
What benefit was provided to the employee based on the contract between Txctcl AG and Ajoo Gufx?,Txctcl AG,Ajoo Gufx,0.0,dental insurance.
What was the work location based on the contract between Mnmi Haem and Errg Zipo?,Mnmi Haem,Errg Zipo,0.0,787 Plieai Street.
What was the quantity of the good being sold based on the contract between Yrnw Lvgj and Ajoo Gufx?,Yrnw Lvgj,Ajoo Gufx,0.0,2.
How many weeks' written notice of termination must the employee and employer each provide to the other based on the contract between Qpubwe PLC and Nchdfd AG?,Qpubwe PLC,Nchdfd AG,0.0,11.
What was the duration of the cooling-off period in days based on the contract between Tapd Abuk and Okrb Qxpd?,Tapd Abuk,Okrb Qxpd,0.0,6.
Within how many days must the invoice be paid in full based on the contract between Xqtb Laur and Txctcl AG?,Xqtb Laur,Txctcl AG,0.0,10.
Within how many days of discovering a defect must the customer notify the seller in writing in the event of a breach of warranty based on the contract between Qpubwe PLC and Xqtb Laur?,Qpubwe PLC,Xqtb Laur,0.0,15.
For how many months will the employer employ the employee based on the contract between Qsihxg GmbH and Qpubwe PLC?,Qsihxg GmbH,Qpubwe PLC,0.0,16 months.
What was the unit price in dollars of the good being sold based on the contract between Cqndue LLC and Okrb Qxpd?,Cqndue LLC,Okrb Qxpd,0.0,67.
For how many months will the employer employ the employee based on the contract between Jzrcws SA and Mnmi Haem?,Jzrcws SA,Mnmi Haem,0.0,20 months.
How many days of paid holiday leave were provided to the employee based on the contract between Mjlwxf NV and Qsihxg GmbH?,Mjlwxf NV,Qsihxg GmbH,0.0,25.
What was the work location based on the contract between Nchdfd AG and Wnzatj SAS?,Nchdfd AG,Wnzatj SAS,0.0,752 Iqctxg Avenue.
Who would decide the shipping method based on the contract between Ecxk Avfj and Nchdfd AG?,Ecxk Avfj,Nchdfd AG,0.0,Seller.
What was the address of Mnmi Haem in the contract with Okrb Qxpd?,Mnmi Haem,Okrb Qxpd,0.0,628 Raevp Drive.
How many weeks' written notice must the employer provide before any proposed changes to the terms of employment based on the contract between Jzrcws SA and Ffsi Mneb?,Jzrcws SA,Ffsi Mneb,0.0,7.
What was the duration of the cooling-off period in days based on the contract between Dmimyu GmbH and Qsihxg GmbH?,Dmimyu GmbH,Qsihxg GmbH,0.0,7.
What was the total price in dollars of the good being sold based on the contract between Clsvfw AG and Jzrcws SA?,Clsvfw AG,Jzrcws SA,0.0,1234.
What was the quantity of the good being sold based on the contract between Errg Zipo and Skqn Esui?,Errg Zipo,Skqn Esui,0.0,27.
What was the address of delivery based on the contract between Avrbci Ltd and Vkitze GmbH?,Avrbci Ltd,Vkitze GmbH,0.0,953 Aivmae Road.
Who would decide the shipping method based on the contract between Okrb Qxpd and Ffsi Mneb?,Okrb Qxpd,Ffsi Mneb,0.0,Seller.
What was the unit price in dollars of the good being sold based on the contract between Lasnoj SAS and Wnzatj SAS?,Lasnoj SAS,Wnzatj SAS,0.0,44.
What was the hourly basic pay in dollars based on the contract between Tapd Abuk and Dmimyu GmbH?,Tapd Abuk,Dmimyu GmbH,0.0,81.
What was the address of Yrnw Lvgj based on the contract between Jzrcws SA and Yrnw Lvgj?,Yrnw Lvgj,Jzrcws SA,0.0,787 Plieai Street.
What was the effective date of the contract between Clsvfw AG and Paid Sick?,Clsvfw AG,Paid Sick,0.0,26-01-1997.
What was the late payment interest rate based on the contract between Errg Zipo and Wnzatj SAS?,Errg Zipo,Wnzatj SAS,0.0,2%.
What was the late payment interest rate based on the contract between Ctvepy SAS and Skqn Esui?,Ctvepy SAS,Skqn Esui,0.0,2%.
What was the total price in dollars of the good being sold based on the contract between Paid Sick and Ffsi Mneb?,Paid Sick,Ffsi Mneb,0.0,135.
What was the job position based on the contract between Paid Sick and Tapd Abuk?,Paid Sick,Tapd Abuk,0.0,Financial Advisor.
What was the quantity of the good being sold based on the contract between Lasnoj SAS and Mjlwxf NV?,Lasnoj SAS,Mjlwxf NV,0.0,23.
What was the number of days the employee was entitled to Avrbci Ltd in each year of employment based on the contract between Mjlwxf NV and {ENT3}?,Avrbci Ltd,Mjlwxf NV,0.0,14.
What was the effective date of the contract between Okrb Qxpd and Ffsi Mneb?,Okrb Qxpd,Ffsi Mneb,0.0,15-05-2005.
After how many days would unpaid balances incur a late payment penalty based on the contract between Ajoo Gufx and Wnzatj SAS?,Ajoo Gufx,Wnzatj SAS,0.0,25.
For how many months will the employer employ the employee based on the contract between Lasnoj SAS and Skqn Esui?,Lasnoj SAS,Skqn Esui,0.0,22 months.
How many days of paid holiday leave were provided to the employee based on the contract between Mnmi Haem and Dmimyu GmbH?,Mnmi Haem,Dmimyu GmbH,0.0,25.
What was the work location based on the contract between Jzrcws SA and Errg Zipo?,Jzrcws SA,Errg Zipo,0.0,238 Zoqabj Drive.
How many weeks' written notice must the employer provide before any proposed changes to the terms of employment based on the contract between Qsihxg GmbH and Xqtb Laur?,Qsihxg GmbH,Xqtb Laur,0.0,5.
What was the number of days the employee was entitled to Clsvfw AG in each year of employment based on the contract between Cqndue LLC and {ENT3}?,Clsvfw AG,Cqndue LLC,0.0,12.
What was the effective date of the contract between Wnzatj SAS and Qpubwe PLC?,Wnzatj SAS,Qpubwe PLC,0.0,02-09-2012.
What was the unit price in dollars of the good being sold based on the contract between Ajoo Gufx and Clsvfw AG?,Ajoo Gufx,Clsvfw AG,0.0,67.
What was the work location based on the contract between Xqtb Laur and Txctcl AG?,Xqtb Laur,Txctcl AG,0.0,75 Yovzxg Court.
Within how many days of discovering a defect must the customer notify the seller in writing in the event of a breach of warranty based on the contract between Cqndue LLC and Mnmi Haem?,Cqndue LLC,Mnmi Haem,0.0,25.
Within how many days of discovering a defect must the customer notify the seller in writing in the event of a breach of warranty based on the contract between Vkitze GmbH and Jzrcws SA?,Vkitze GmbH,Jzrcws SA,0.0,15.
What was the duration of the general warranty period in years based on the contract between Ffsi Mneb and Mjlwxf NV?,Ffsi Mneb,Mjlwxf NV,0.0,5.
What was the late payment interest rate based on the contract between Tapd Abuk and Cqndue LLC?,Tapd Abuk,Cqndue LLC,0.0,2%.
What was the principal business location of Ecxk Avfj based on the contract between Ecxk Avfj and Lasnoj SAS?,Ecxk Avfj,Lasnoj SAS,0.0,891 Tncnje Way.
Who would decide the shipping method based on the contract between Lasnoj SAS and Cqndue LLC?,Lasnoj SAS,Cqndue LLC,0.0,Seller.
What was the hourly basic pay in dollars based on the contract between Ajoo Gufx and Txctcl AG?,Ajoo Gufx,Txctcl AG,0.0,81.
What was the number of days the employee was entitled to Mnmi Haem in each year of employment based on the contract between Okrb Qxpd and {ENT3}?,Mnmi Haem,Okrb Qxpd,0.0,12.
Who would be responsible for the costs of the shipment based on the contract between Errg Zipo and Qsihxg GmbH?,Errg Zipo,Qsihxg GmbH,0.0,Seller.
What benefit was provided to the employee based on the contract between Skqn Esui and Cqndue LLC?,Skqn Esui,Cqndue LLC,0.0,health insurance.
What was the late payment interest rate based on the contract between Ecxk Avfj and Wnzatj SAS?,Ecxk Avfj,Wnzatj SAS,0.0,1%.
What was the good that the seller was selling to the customer based on the contract between Paid Sick and Txctcl AG?,Paid Sick,Txctcl AG,0.0,Necklaces.
Who would decide the shipping method based on the contract between Dmimyu GmbH and Ffsi Mneb?,Dmimyu GmbH,Ffsi Mneb,0.0,Seller.
What was the unit price in dollars of the good being sold based on the contract between Xqtb Laur and Cqndue LLC?,Xqtb Laur,Cqndue LLC,0.0,44.
How many weeks' written notice must the employer provide before any proposed changes to the terms of employment based on the contract between Yrnw Lvgj and Ecxk Avfj?,Yrnw Lvgj,Ecxk Avfj,0.0,5.
What was the duration of the general warranty period in years based on the contract between Dmimyu GmbH and Vkitze GmbH?,Dmimyu GmbH,Vkitze GmbH,0.0,4.
Which jurisdiction's laws govern the contract between Tapd Abuk and Clsvfw AG?,Tapd Abuk,Clsvfw AG,0.0,The State of New York.
At what hour did the workday finish based on the contract between Okrb Qxpd and Vkitze GmbH?,Okrb Qxpd,Vkitze GmbH,0.0,18.
How many weeks' written notice must the employer provide before any proposed changes to the terms of employment based on the contract between Tapd Abuk and Avrbci Ltd?,Tapd Abuk,Avrbci Ltd,0.0,5.
Within how many days must the invoice be paid in full based on the contract between Mjlwxf NV and Ecxk Avfj?,Mjlwxf NV,Ecxk Avfj,0.0,10.
What was the good that the seller was selling to the customer based on the contract between Tapd Abuk and Txctcl AG?,Tapd Abuk,Txctcl AG,0.0,Necklaces.
What was the address of Paid Sick in the contract with Xqtb Laur?,Paid Sick,Xqtb Laur,0.0,729 Yabqz Drive.
What was the work location based on the contract between Nchdfd AG and Dmimyu GmbH?,Nchdfd AG,Dmimyu GmbH,0.0,752 Wzkez Place.
How many weeks' written notice of termination must the employee and employer each provide to the other based on the contract between Xqtb Laur and Txctcl AG?,Xqtb Laur,Txctcl AG,0.0,8.
At what hour did the workday finish based on the contract between Jzrcws SA and Avrbci Ltd?,Jzrcws SA,Avrbci Ltd,0.0,16.
Who would be responsible for the costs of the shipment based on the contract between Avrbci Ltd and Okrb Qxpd?,Avrbci Ltd,Okrb Qxpd,0.0,Customer.
What was the address of delivery based on the contract between Jzrcws SA and Vkitze GmbH?,Jzrcws SA,Vkitze GmbH,0.0,929 Yabvw Vroupj.
What benefit was provided to the employee based on the contract between Clsvfw AG and Ajoo Gufx?,Clsvfw AG,Ajoo Gufx,0.0,dental insurance.
What benefit was provided to the employee based on the contract between Avrbci Ltd and Ecxk Avfj?,Avrbci Ltd,Ecxk Avfj,0.0,dental insurance.
What was the job position based on the contract between Ecxk Avfj and Xqtb Laur?,Ecxk Avfj,Xqtb Laur,0.0,Software Developer.
For how many months did the non-compete clause cover based on the contract between Tapd Abuk and Wnzatj SAS?,Tapd Abuk,Wnzatj SAS,0.0,18.
What was the total price in dollars of the good being sold based on the contract between Lasnoj SAS and Txctcl AG?,Lasnoj SAS,Txctcl AG,0.0,632.
What was the good that the seller was selling to the customer based on the contract between Lasnoj SAS and Jzrcws SA?,Lasnoj SAS,Jzrcws SA,0.0,Iissues.
For how many months after the employment ends was the employee prohibited from disclosing any confidential information based on the contract between Mjlwxf NV and Mnmi Haem?,Mjlwxf NV,Mnmi Haem,0.0,3.
What was the hourly basic pay in dollars based on the contract between Ajoo Gufx and Skqn Esui?,Ajoo Gufx,Skqn Esui,0.0,81.
What was the principal business location of Ecxk Avfj based on the contract between Ecxk Avfj and Mnmi Haem?,Ecxk Avfj,Mnmi Haem,0.0,419 Bxmlqw Place.
For how many months did the non-compete clause cover based on the contract between Vkitze GmbH and Ctvepy SAS?,Vkitze GmbH,Ctvepy SAS,0.0,13.
For how many months did the non-compete clause cover based on the contract between Ffsi Mneb and Okrb Qxpd?,Ffsi Mneb,Okrb Qxpd,0.0,11.
How many weeks' written notice must the employer provide before any proposed changes to the terms of employment based on the contract between Avrbci Ltd and Errg Zipo?,Avrbci Ltd,Errg Zipo,0.0,5.
At what hour did the workday start based on the contract between Vkitze GmbH and Ecxk Avfj?,Vkitze GmbH,Ecxk Avfj,0.0,8.
At what hour did the workday start based on the contract between Qpubwe PLC and Nchdfd AG?,Qpubwe PLC,Nchdfd AG,0.0,11.
What was the address of Wnzatj SAS based on the contract between Yrnw Lvgj and Wnzatj SAS?,Wnzatj SAS,Yrnw Lvgj,0.0,628 Yabndj Place.
For how many months did the non-compete clause cover based on the contract between Yrnw Lvgj and Txctcl AG?,Yrnw Lvgj,Txctcl AG,0.0,15.
What was the address of Cqndue LLC based on the contract between Clsvfw AG and Cqndue LLC?,Cqndue LLC,Clsvfw AG,0.0,537 Ezbss Drive.
What was the total price in dollars of the good being sold based on the contract between Txctcl AG and Qsihxg GmbH?,Txctcl AG,Qsihxg GmbH,0.0,4599.
What was the hourly basic pay in dollars based on the contract between Jzrcws SA and Wnzatj SAS?,Jzrcws SA,Wnzatj SAS,0.0,14.
What was the address of Nchdfd AG based on the contract between Qsihxg GmbH and Nchdfd AG?,Nchdfd AG,Qsihxg GmbH,0.0,537 Sardyj Place.
How many weeks' written notice must the employer provide before any proposed changes to the terms of employment based on the contract between Ctvepy SAS and Tapd Abuk?,Ctvepy SAS,Tapd Abuk,0.0,8.
How many weeks' written notice must the employer provide before any proposed changes to the terms of employment based on the contract between Errg Zipo and Mnmi Haem?,Errg Zipo,Mnmi Haem,0.0,7.
What was the job position based on the contract between Xqtb Laur and Ajoo Gufx?,Xqtb Laur,Ajoo Gufx,0.0,Brand Ambassador.
Within how many days must the invoice be paid in full based on the contract between Ajoo Gufx and Nchdfd AG?,Ajoo Gufx,Nchdfd AG,0.0,10.
How many weeks' written notice must the employer provide before any proposed changes to the terms of employment based on the contract between Xqtb Laur and Nchdfd AG?,Xqtb Laur,Nchdfd AG,0.0,2.
What was the effective date of the contract between Tapd Abuk and Errg Zipo?,Tapd Abuk,Errg Zipo,0.0,04-09-1993.
Within how many days of discovering a defect must the customer notify the seller in writing in the event of a breach of warranty based on the contract between Okrb Qxpd and Qpubwe PLC?,Okrb Qxpd,Qpubwe PLC,0.0,10.
Who would decide the shipping method based on the contract between Nchdfd AG and Xqtb Laur?,Nchdfd AG,Xqtb Laur,0.0,Seller.
What was the late payment interest rate based on the contract between Clsvfw AG and Xqtb Laur?,Clsvfw AG,Xqtb Laur,0.0,5%.
What was the job position based on the contract between Mjlwxf NV and Nchdfd AG?,Mjlwxf NV,Nchdfd AG,0.0,Risk Management Manager.
For how many months after the employment ends was the employee prohibited from disclosing any confidential information based on the contract between Qsihxg GmbH and Ctvepy SAS?,Qsihxg GmbH,Ctvepy SAS,0.0,3.
Who would be responsible for the costs of the shipment based on the contract between Avrbci Ltd and Qsihxg GmbH?,Avrbci Ltd,Qsihxg GmbH,0.0,Seller.
At what hour did the workday start based on the contract between Errg Zipo and Clsvfw AG?,Errg Zipo,Clsvfw AG,0.0,10.
What was the principal business location of Dmimyu GmbH based on the contract between Dmimyu GmbH and Txctcl AG?,Dmimyu GmbH,Txctcl AG,0.0,153 Mdyv Plant Drive.
After how many days would unpaid balances incur a late payment penalty based on the contract between Vkitze GmbH and Cqndue LLC?,Vkitze GmbH,Cqndue LLC,0.0,10.
Who would be responsible for the costs of the shipment based on the contract between Ecxk Avfj and Vkitze GmbH?,Ecxk Avfj,Vkitze GmbH,0.0,Seller.
After how many days would unpaid balances incur a late payment penalty based on the contract between Cqndue LLC and Avrbci Ltd?,Cqndue LLC,Avrbci Ltd,0.0,20.
What was the duration of the general warranty period in years based on the contract between Txctcl AG and Qpubwe PLC?,Txctcl AG,Qpubwe PLC,0.0,5.
What was the principal business location of Ajoo Gufx based on the contract between Ajoo Gufx and Mjlwxf NV?,Ajoo Gufx,Mjlwxf NV,0.0,537 Mzeyqz Drive.
What was the duration of the cooling-off period in days based on the contract between Ffsi Mneb and Qpubwe PLC?,Ffsi Mneb,Qpubwe PLC,0.0,13.
What benefit was provided to the employee based on the contract between Ajoo Gufx and Qsihxg GmbH?,Ajoo Gufx,Qsihxg GmbH,0.0,childcare assistance program.
How many weeks' written notice must the employer provide before any proposed changes to the terms of employment based on the contract between Mnmi Haem and Qsihxg GmbH?,Mnmi Haem,Qsihxg GmbH,0.0,3.
What was the duration of the general warranty period in years based on the contract between Clsvfw AG and Avrbci Ltd?,Clsvfw AG,Avrbci Ltd,0.0,1.
What was the duration of the cooling-off period in days based on the contract between Ctvepy SAS and Skqn Esui?,Ctvepy SAS,Skqn Esui,0.0,8.
What was the effective date of the contract between Mjlwxf NV and Nchdfd AG?,Mjlwxf NV,Nchdfd AG,0.0,05 Blue.
What was the job position based on the contract between Ctvepy SAS and Ecxk Avfj?,Ctvepy SAS,Ecxk Avfj,0.0,Data Analyst.
What was the total price in dollars of the good being sold based on the contract between Qpubwe PLC and Tapd Abuk?,Qpubwe PLC,Tapd Abuk,0.0,262.
For how many months will the employer employ the employee based on the contract between Tapd Abuk and Lasnoj SAS?,Tapd Abuk,Lasnoj SAS,0.0,26 months.
How many weeks' written notice must the employer provide before any proposed changes to the terms of employment based on the contract between Paid Sick and Mnmi Haem?,Paid Sick,Mnmi Haem,0.0,7.
What was the late payment interest rate based on the contract between Avrbci Ltd and Nchdfd AG?,Avrbci Ltd,Nchdfd AG,0.0,5%.
What was the work location based on the contract between Mnmi Haem and Jzrcws SA?,Mnmi Haem,Jzrcws SA,0.0,151 Mtifr Lane.
What was the hourly basic pay in dollars based on the contract between Xqtb Laur and Jzrcws SA?,Xqtb Laur,Jzrcws SA,0.0,14.
What benefit was provided to the employee based on the contract between Ajoo Gufx and Mjlwxf NV?,Ajoo Gufx,Mjlwxf NV,0.0,dental insurance.
How many weeks' written notice of termination must the employee and employer each provide to the other based on the contract between Yrnw Lvgj and Vkitze GmbH?,Yrnw Lvgj,Vkitze GmbH,0.0,8.
At what hour did the workday finish based on the contract between Qsihxg GmbH and Errg Zipo?,Qsihxg GmbH,Errg Zipo,0.0,18.
What was the effective date of the contract between Qsihxg GmbH and Tapd Abuk?,Qsihxg GmbH,Tapd Abuk,0.0,15 Earnwq.
After how many days would unpaid balances incur a late payment penalty based on the contract between Qsihxg GmbH and Tapd Abuk?,Qsihxg GmbH,Tapd Abuk,0.0,10.
How many days of paid holiday leave were provided to the employee based on the contract between Qsihxg GmbH and Ffsi Mneb?,Qsihxg GmbH,Ffsi Mneb,0.0,21.
How many days of paid holiday leave were provided to the employee based on the contract between Okrb Qxpd and Mnmi Haem?,Okrb Qxpd,Mnmi Haem,0.0,18.
Who would be responsible for the costs of the shipment based on the contract between Ctvepy SAS and Jzrcws SA?,Ctvepy SAS,Jzrcws SA,0.0,Customer.
How many days of paid holiday leave were provided to the employee based on the contract between Qsihxg GmbH and Errg Zipo?,Qsihxg GmbH,Errg Zipo,0.0,21.
What was the number of days the employee was entitled to Cqndue LLC in each year of employment based on the contract between Jzrcws SA and {ENT3}?,Cqndue LLC,Jzrcws SA,0.0,11.
For how many months after the employment ends was the employee prohibited from disclosing any confidential information based on the contract between Tapd Abuk and Ajoo Gufx?,Tapd Abuk,Ajoo Gufx,0.0,8.
What was the total price in dollars of the good being sold based on the contract between Ajoo Gufx and Txctcl AG?,Ajoo Gufx,Txctcl AG,0.0,672.
For how many months after the employment ends was the employee prohibited from disclosing any confidential information based on the contract between Xqtb Laur and Qpubwe PLC?,Xqtb Laur,Qpubwe PLC,0.0,8.
How many days of paid holiday leave were provided to the employee based on the contract between Mnmi Haem and Yrnw Lvgj?,Mnmi Haem,Yrnw Lvgj,0.0,18.
What was the job position based on the contract between Ctvepy SAS and Vkitze GmbH?,Ctvepy SAS,Vkitze GmbH,0.0,Bond Settler.
What was the duration of the cooling-off period in days based on the contract between Txctcl AG and Cqndue LLC?,Txctcl AG,Cqndue LLC,0.0,8.
Who would be responsible for the costs of the shipment based on the contract between Errg Zipo and Ecxk Avfj?,Errg Zipo,Ecxk Avfj,0.0,Customer.
After how many days would unpaid balances incur a late payment penalty based on the contract between Wnzatj SAS and Nchdfd AG?,Wnzatj SAS,Nchdfd AG,0.0,25.
At what hour did the workday start based on the contract between Wnzatj SAS and Jzrcws SA?,Wnzatj SAS,Jzrcws SA,0.0,1.
Within how many days must the invoice be paid in full based on the contract between Ajoo Gufx and Mjlwxf NV?,Ajoo Gufx,Mjlwxf NV,0.0,10.
Who would decide the shipping method based on the contract between Lasnoj SAS and Errg Zipo?,Lasnoj SAS,Errg Zipo,0.0,Customer.
What was the principal business location of Clsvfw AG based on the contract between Clsvfw AG and Errg Zipo?,Clsvfw AG,Errg Zipo,0.0,832 Yabchf Tower.
For how many months after the employment ends was the employee prohibited from disclosing any confidential information based on the contract between Qpubwe PLC and Ffsi Mneb?,Qpubwe PLC,Ffsi Mneb,0.0,6.
What was the address of Vkitze GmbH based on the contract between Paid Sick and Vkitze GmbH?,Vkitze GmbH,Paid Sick,0.0,537 Sarduna Place.
What was the good that the seller was selling to the customer based on the contract between Ajoo Gufx and Cqndue LLC?,Ajoo Gufx,Cqndue LLC,0.0,Rings.
For how many months did the non-compete clause cover based on the contract between Nchdfd AG and Clsvfw AG?,Nchdfd AG,Clsvfw AG,0.0,11.
At what hour did the workday finish based on the contract between Mnmi Haem and Ecxk Avfj?,Mnmi Haem,Ecxk Avfj,0.0,16.
What was the job position based on the contract between Errg Zipo and Xqtb Laur?,Errg Zipo,Xqtb Laur,0.0,Software Developer.
At what hour did the workday finish based on the contract between Ffsi Mneb and Ctvepy SAS?,Ffsi Mneb,Ctvepy SAS,0.0,18.
What was the address of Tapd Abuk in the contract with Skqn Esui?,Tapd Abuk,Skqn Esui,0.0,626 Xsaes Highway.
After how many days would unpaid balances incur a late payment penalty based on the contract between Tapd Abuk and Okrb Qxpd?,Tapd Abuk,Okrb Qxpd,0.0,10.
For how many months after the employment ends was the employee prohibited from disclosing any confidential information based on the contract between Dmimyu GmbH and Qsihxg GmbH?,Dmimyu GmbH,Qsihxg GmbH,0.0,5.
What was the principal business location of Ctvepy SAS based on the contract between Ctvepy SAS and Yrnw Lvgj?,Ctvepy SAS,Yrnw Lvgj,0.0,075 Vrbqk Square.
What was the frequency of salary payment based on the contract between Ffsi Mneb and Nchdfd AG?,Ffsi Mneb,Nchdfd AG,0.0,bi-weekly.
After how many days would unpaid balances incur a late payment penalty based on the contract between Xqtb Laur and Vkitze GmbH?,Xqtb Laur,Vkitze GmbH,0.0,10.
What was the number of days the employee was entitled to Dmimyu GmbH in each year of employment based on the contract between Qpubwe PLC and {ENT3}?,Dmimyu GmbH,Qpubwe PLC,0.0,11.
What was the address of Ctvepy SAS based on the contract between Yrnw Lvgj and Ctvepy SAS?,Ctvepy SAS,Yrnw Lvgj,0.0,153 Mtviw Drive.
What was the duration of the general warranty period in years based on the contract between Qpubwe PLC and Ffsi Mneb?,Qpubwe PLC,Ffsi Mneb,0.0,1.
For how many months did the non-compete clause cover based on the contract between Jzrcws SA and Wnzatj SAS?,Jzrcws SA,Wnzatj SAS,0.0,24.
At what hour did the workday start based on the contract between Nchdfd AG and Mnmi Haem?,Nchdfd AG,Mnmi Haem,0.0,8.
For how many months did the non-compete clause cover based on the contract between Cqndue LLC and Paid Sick?,Cqndue LLC,Paid Sick,0.0,13.
What was the number of days the employee was entitled to Skqn Esui in each year of employment based on the contract between Ajoo Gufx and {ENT3}?,Skqn Esui,Ajoo Gufx,0.0,14.
Who would decide the shipping method based on the contract between Dmimyu GmbH and Tapd Abuk?,Dmimyu GmbH,Tapd Abuk,0.0,Seller.
How many days of paid holiday leave were provided to the employee based on the contract between Ajoo Gufx and Cqndue LLC?,Ajoo Gufx,Cqndue LLC,0.0,18.
What was the quantity of the good being sold based on the contract between Qsihxg GmbH and Yrnw Lvgj?,Qsihxg GmbH,Yrnw Lvgj,0.0,28.
How many weeks' written notice must the employer provide before any proposed changes to the terms of employment based on the contract between Errg Zipo and Okrb Qxpd?,Errg Zipo,Okrb Qxpd,0.0,5.
After how many days would unpaid balances incur a late payment penalty based on the contract between Dmimyu GmbH and Cqndue LLC?,Dmimyu GmbH,Cqndue LLC,0.0,20.
After how many days would unpaid balances incur a late payment penalty based on the contract between Jzrcws SA and Paid Sick?,Jzrcws SA,Paid Sick,0.0,10.
How many weeks' written notice must the employer provide before any proposed changes to the terms of employment based on the contract between Avrbci Ltd and Wnzatj SAS?,Avrbci Ltd,Wnzatj SAS,0.0,2.
Within how many days of discovering a defect must the customer notify the seller in writing in the event of a breach of warranty based on the contract between Okrb Qxpd and Qsihxg GmbH?,Okrb Qxpd,Qsihxg GmbH,0.0,15.
What was the late payment interest rate based on the contract between Ctvepy SAS and Cqndue LLC?,Ctvepy SAS,Cqndue LLC,0.0,2%.
What was the frequency of salary payment based on the contract between Qsihxg GmbH and Lasnoj SAS?,Qsihxg GmbH,Lasnoj SAS,0.0,monthly.
At what hour did the workday start based on the contract between Errg Zipo and Ffsi Mneb?,Errg Zipo,Ffsi Mneb,0.0,10.
For how many months will the employer employ the employee based on the contract between Tapd Abuk and Errg Zipo?,Tapd Abuk,Errg Zipo,0.0,16 months.
What was the unit price in dollars of the good being sold based on the contract between Wnzatj SAS and Mjlwxf NV?,Wnzatj SAS,Mjlwxf NV,0.0,29.
What was the duration of the general warranty period in years based on the contract between Paid Sick and Avrbci Ltd?,Paid Sick,Avrbci Ltd,0.0,5.
What was the number of days the employee was entitled to Mjlwxf NV in each year of employment based on the contract between Nchdfd AG and {ENT3}?,Mjlwxf NV,Nchdfd AG,0.0,13.
What was the job position based on the contract between Yrnw Lvgj and Xqtb Laur?,Yrnw Lvgj,Xqtb Laur,0.0,Software Developer.
How many weeks' written notice must the employer provide before any proposed changes to the terms of employment based on the contract between Mjlwxf NV and Lasnoj SAS?,Mjlwxf NV,Lasnoj SAS,0.0,5.
For how many months will the employer employ the employee based on the contract between Dmimyu GmbH and Okrb Qxpd?,Dmimyu GmbH,Okrb Qxpd,0.0,42 months.
How many days of paid holiday leave were provided to the employee based on the contract between Paid Sick and Clsvfw AG?,Paid Sick,Clsvfw AG,0.0,25.
For how many months after the employment ends was the employee prohibited from disclosing any confidential information based on the contract between Errg Zipo and Avrbci Ltd?,Errg Zipo,Avrbci Ltd,0.0,5.
For how many months did the non-compete clause cover based on the contract between Txctcl AG and Mnmi Haem?,Txctcl AG,Mnmi Haem,0.0,19.
What was the late payment interest rate based on the contract between Ffsi Mneb and Ajoo Gufx?,Ffsi Mneb,Ajoo Gufx,0.0,2%.
Within how many days of discovering a defect must the customer notify the seller in writing in the event of a breach of warranty based on the contract between Cqndue LLC and Wnzatj SAS?,Cqndue LLC,Wnzatj SAS,0.0,20.
What was the quantity of the good being sold based on the contract between Txctcl AG and Ajoo Gufx?,Txctcl AG,Ajoo Gufx,0.0,2.
What was the address of delivery based on the contract between Avrbci Ltd and Jzrcws SA?,Avrbci Ltd,Jzrcws SA,0.0,646 Qefehz Lane.
What was the hourly basic pay in dollars based on the contract between Tapd Abuk and Cqndue LLC?,Tapd Abuk,Cqndue LLC,0.0,61.
By how many days after the delivery time must the seller provide the customer with an invoice based on the contract between Txctcl AG and Qsihxg GmbH?,Txctcl AG,Qsihxg GmbH,0.0,2.
What was the unit price in dollars of the good being sold based on the contract between Qpubwe PLC and Jzrcws SA?,Qpubwe PLC,Jzrcws SA,0.0,67.
By how many days after the delivery time must the seller provide the customer with an invoice based on the contract between Clsvfw AG and Tapd Abuk?,Clsvfw AG,Tapd Abuk,0.0,4.
By how many days after the delivery time must the seller provide the customer with an invoice based on the contract between Xqtb Laur and Qsihxg GmbH?,Xqtb Laur,Qsihxg GmbH,0.0,2.
What was the unit price in dollars of the good being sold based on the contract between Xqtb Laur and Lasnoj SAS?,Xqtb Laur,Lasnoj SAS,0.0,67.
Who would be responsible for the costs of the shipment based on the contract between Ctvepy SAS and Ffsi Mneb?,Ctvepy SAS,Ffsi Mneb,0.0,Customer.
What was the principal business location of Cqndue LLC based on the contract between Cqndue LLC and Clsvfw AG?,Cqndue LLC,Clsvfw AG,0.0,709 Whekqp Square.
Who would be responsible for the costs of the shipment based on the contract between Errg Zipo and Nchdfd AG?,Errg Zipo,Nchdfd AG,0.0,Seller.
For how many months will the employer employ the employee based on the contract between Ecxk Avfj and Jzrcws SA?,Ecxk Avfj,Jzrcws SA,0.0,16 months.
What was the good that the seller was selling to the customer based on the contract between Ctvepy SAS and Xqtb Laur?,Ctvepy SAS,Xqtb Laur,0.0,Necklaces.
What was the address of delivery based on the contract between Xqtb Laur and Paid Sick?,Xqtb Laur,Paid Sick,0.0,537 Ynufd Highway.
What was the unit price in dollars of the good being sold based on the contract between Xqtb Laur and Nchdfd AG?,Xqtb Laur,Nchdfd AG,0.0,67.
Who would decide the shipping method based on the contract between Xqtb Laur and Mjlwxf NV?,Xqtb Laur,Mjlwxf NV,0.0,Seller.
At what hour did the workday start based on the contract between Skqn Esui and Clsvfw AG?,Skqn Esui,Clsvfw AG,0.0,9.
What was the start date based on the contract between Cqndue LLC and Paid Sick?,Cqndue LLC,Paid Sick,0.0,04-08-2018.
What benefit was provided to the employee based on the contract between Yrnw Lvgj and Mnmi Haem?,Yrnw Lvgj,Mnmi Haem,0.0,dental insurance.
At what hour did the workday start based on the contract between Ctvepy SAS and Skqn Esui?,Ctvepy SAS,Skqn Esui,0.0,10.
What was the duration of the general warranty period in years based on the contract between Nchdfd AG and Mnmi Haem?,Nchdfd AG,Mnmi Haem,0.0,5.
How many weeks' written notice of termination must the employee and employer each provide to the other based on the contract between Qpubwe PLC and Errg Zipo?,Qpubwe PLC,Errg Zipo,0.0,11.
For how many months will the employer employ the employee based on the contract between Clsvfw AG and Errg Zipo?,Clsvfw AG,Errg Zipo,0.0,16 months.
What was the frequency of salary payment based on the contract between Jzrcws SA and Ffsi Mneb?,Jzrcws SA,Ffsi Mneb,0.0,bi-weekly.
How many weeks' written notice must the employer provide before any proposed changes to the terms of employment based on the contract between Qpubwe PLC and Errg Zipo?,Qpubwe PLC,Errg Zipo,0.0,7.
At what hour did the workday finish based on the contract between Qsihxg GmbH and Tapd Abuk?,Qsihxg GmbH,Tapd Abuk,0.0,18.
What was the address of Paid Sick based on the contract between Mjlwxf NV and Paid Sick?,Paid Sick,Mjlwxf NV,0.0,752 Wcw No.
Within how many days must the invoice be paid in full based on the contract between Dmimyu GmbH and Mnmi Haem?,Dmimyu GmbH,Mnmi Haem,0.0,10.
What was the address of delivery based on the contract between Ctvepy SAS and Qpubwe PLC?,Ctvepy SAS,Qpubwe PLC,0.0,929 YnhktW Place.
Within how many days of discovering a defect must the customer notify the seller in writing in the event of a breach of warranty based on the contract between Xqtb Laur and Ajoo Gufx?,Xqtb Laur,Ajoo Gufx,0.0,20.
At what hour did the workday start based on the contract between Mnmi Haem and Clsvfw AG?,Mnmi Haem,Clsvfw AG,0.0,8.
What was the unit price in dollars of the good being sold based on the contract between Tapd Abuk and Mjlwxf NV?,Tapd Abuk,Mjlwxf NV,0.0,58.
What was the address of Errg Zipo in the contract with Ecxk Avfj?,Errg Zipo,Ecxk Avfj,0.0,491 Bisbjen Road.
Within how many days must the invoice be paid in full based on the contract between Qsihxg GmbH and Tapd Abuk?,Qsihxg GmbH,Tapd Abuk,0.0,10.
What was the number of days the employee was entitled to Ecxk Avfj in each year of employment based on the contract between Qpubwe PLC and {ENT3}?,Ecxk Avfj,Qpubwe PLC,0.0,13.
Within how many days of discovering a defect must the customer notify the seller in writing in the event of a breach of warranty based on the contract between Nchdfd AG and Okrb Qxpd?,Nchdfd AG,Okrb Qxpd,0.0,15.
What was the work location based on the contract between Vkitze GmbH and Wnzatj SAS?,Vkitze GmbH,Wnzatj SAS,0.0,765 Hhzuau Place.
What was the address of Cqndue LLC based on the contract between Paid Sick and Cqndue LLC?,Cqndue LLC,Paid Sick,0.0,537  Ikqhq Square.
Who would be responsible for the costs of the shipment based on the contract between Avrbci Ltd and Vkitze GmbH?,Avrbci Ltd,Vkitze GmbH,0.0,Seller.
How many weeks' written notice must the employer provide before any proposed changes to the terms of employment based on the contract between Ctvepy SAS and Yrnw Lvgj?,Ctvepy SAS,Yrnw Lvgj,0.0,5.
What was the work location based on the contract between Skqn Esui and Ctvepy SAS?,Skqn Esui,Ctvepy SAS,0.0,225 Ykijji Way.
For how many months did the non-compete clause cover based on the contract between Lasnoj SAS and Ctvepy SAS?,Lasnoj SAS,Ctvepy SAS,0.0,19.
What was the principal business location of Mnmi Haem based on the contract between Mnmi Haem and Cqndue LLC?,Mnmi Haem,Cqndue LLC,0.0,074 Aivmae Road.
How many weeks' written notice must the employer provide before any proposed changes to the terms of employment based on the contract between Ffsi Mneb and Dmimyu GmbH?,Ffsi Mneb,Dmimyu GmbH,0.0,5.
By how many days after the delivery time must the seller provide the customer with an invoice based on the contract between Avrbci Ltd and Nchdfd AG?,Avrbci Ltd,Nchdfd AG,0.0,2.
Within how many days must the invoice be paid in full based on the contract between Avrbci Ltd and Skqn Esui?,Avrbci Ltd,Skqn Esui,0.0,5.
What was the address of Txctcl AG in the contract with Tapd Abuk?,Txctcl AG,Tapd Abuk,0.0,627 Wbkqsh Street.
Within how many days must the invoice be paid in full based on the contract between Ctvepy SAS and Errg Zipo?,Ctvepy SAS,Errg Zipo,0.0,10.
What was the address of Ffsi Mneb in the contract with Yrnw Lvgj?,Ffsi Mneb,Yrnw Lvgj,0.0,825 Ykij Crescent.
Who would decide the shipping method based on the contract between Tapd Abuk and Mnmi Haem?,Tapd Abuk,Mnmi Haem,0.0,Seller.
After how many days would unpaid balances incur a late payment penalty based on the contract between Paid Sick and Vkitze GmbH?,Paid Sick,Vkitze GmbH,0.0,10.
After how many days would unpaid balances incur a late payment penalty based on the contract between Avrbci Ltd and Nchdfd AG?,Avrbci Ltd,Nchdfd AG,0.0,20.
For how many months after the employment ends was the employee prohibited from disclosing any confidential information based on the contract between Okrb Qxpd and Errg Zipo?,Okrb Qxpd,Errg Zipo,0.0,3.
What was the good that the seller was selling to the customer based on the contract between Mnmi Haem and Ffsi Mneb?,Mnmi Haem,Ffsi Mneb,0.0,Necklaces.
What was the duration of the general warranty period in years based on the contract between Nchdfd AG and Yrnw Lvgj?,Nchdfd AG,Yrnw Lvgj,0.0,5.
After how many days would unpaid balances incur a late payment penalty based on the contract between Wnzatj SAS and Okrb Qxpd?,Wnzatj SAS,Okrb Qxpd,0.0,15.
How many days of paid holiday leave were provided to the employee based on the contract between Nchdfd AG and Yrnw Lvgj?,Nchdfd AG,Yrnw Lvgj,0.0,28.
What was the number of days the employee was entitled to Lasnoj SAS in each year of employment based on the contract between Dmimyu GmbH and {ENT3}?,Lasnoj SAS,Dmimyu GmbH,0.0,5.
By how many days after the delivery time must the seller provide the customer with an invoice based on the contract between Avrbci Ltd and Ctvepy SAS?,Avrbci Ltd,Ctvepy SAS,0.0,4.
Within how many days must the invoice be paid in full based on the contract between Clsvfw AG and Wnzatj SAS?,Clsvfw AG,Wnzatj SAS,0.0,15.
By how many days after the delivery time must the seller provide the customer with an invoice based on the contract between Jzrcws SA and Ajoo Gufx?,Jzrcws SA,Ajoo Gufx,0.0,4.
What was the duration of the cooling-off period in days based on the contract between Ctvepy SAS and Xqtb Laur?,Ctvepy SAS,Xqtb Laur,0.0,13.
What was the job position based on the contract between Vkitze GmbH and Mnmi Haem?,Vkitze GmbH,Mnmi Haem,0.0,Risk Management.
What was the total price in dollars of the good being sold based on the contract between Okrb Qxpd and Avrbci Ltd?,Okrb Qxpd,Avrbci Ltd,0.0,28.
What was the late payment interest rate based on the contract between Tapd Abuk and Dmimyu GmbH?,Tapd Abuk,Dmimyu GmbH,0.0,5%.
What was the frequency of salary payment based on the contract between Dmimyu GmbH and Lasnoj SAS?,Dmimyu GmbH,Lasnoj SAS,0.0,monthly.
Who would decide the shipping method based on the contract between Lasnoj SAS and Dmimyu GmbH?,Lasnoj SAS,Dmimyu GmbH,0.0,Seller.
After how many days would unpaid balances incur a late payment penalty based on the contract between Qpubwe PLC and Mnmi Haem?,Qpubwe PLC,Mnmi Haem,0.0,10.
Who would be responsible for the costs of the shipment based on the contract between Errg Zipo and Mjlwxf NV?,Errg Zipo,Mjlwxf NV,0.0,Customer.
What was the frequency of salary payment based on the contract between Mjlwxf NV and Cqndue LLC?,Mjlwxf NV,Cqndue LLC,0.0,weekly.
After how many days would unpaid balances incur a late payment penalty based on the contract between Lasnoj SAS and Dmimyu GmbH?,Lasnoj SAS,Dmimyu GmbH,0.0,25.
What was the start date based on the contract between Dmimyu GmbH and Okrb Qxpd?,Dmimyu GmbH,Okrb Qxpd,0.0,15-02-2018.
For how many months did the non-compete clause cover based on the contract between Qpubwe PLC and Qsihxg GmbH?,Qpubwe PLC,Qsihxg GmbH,0.0,19.
What was the duration of the cooling-off period in days based on the contract between Xqtb Laur and Wnzatj SAS?,Xqtb Laur,Wnzatj SAS,0.0,13.
At what hour did the workday start based on the contract between Okrb Qxpd and Tapd Abuk?,Okrb Qxpd,Tapd Abuk,0.0,10.
What was the address of delivery based on the contract between Okrb Qxpd and Cqndue LLC?,Okrb Qxpd,Cqndue LLC,0.0,537 Whekqp Square.
What was the work location based on the contract between Lasnoj SAS and Mjlwxf NV?,Lasnoj SAS,Mjlwxf NV,0.0,562 Ccsmx Rd.
How many weeks' written notice of termination must the employee and employer each provide to the other based on the contract between Ctvepy SAS and Clsvfw AG?,Ctvepy SAS,Clsvfw AG,0.0,8.
What was the total price in dollars of the good being sold based on the contract between Dmimyu GmbH and Txctcl AG?,Dmimyu GmbH,Txctcl AG,0.0,28.
What was the start date based on the contract between Mnmi Haem and Jzrcws SA?,Mnmi Haem,Jzrcws SA,0.0,04-08-2000.
Within how many days of discovering a defect must the customer notify the seller in writing in the event of a breach of warranty based on the contract between Yrnw Lvgj and Qsihxg GmbH?,Yrnw Lvgj,Qsihxg GmbH,0.0,10.
Which jurisdiction's laws govern the contract between Ecxk Avfj and Dmimyu GmbH?,Ecxk Avfj,Dmimyu GmbH,0.0,The State of Illinois.
What was the address of Nchdfd AG in the contract with Yrnw Lvgj?,Nchdfd AG,Yrnw Lvgj,0.0,652 Ntilcl Place.
What was the principal business location of Nchdfd AG based on the contract between Nchdfd AG and Lasnoj SAS?,Nchdfd AG,Lasnoj SAS,0.0,153 Mtviwz Place.
At what hour did the workday start based on the contract between Skqn Esui and Errg Zipo?,Skqn Esui,Errg Zipo,0.0,9.
Which jurisdiction's laws govern the contract between Nchdfd AG and Paid Sick?,Nchdfd AG,Paid Sick,0.0,The State of Ohio.
For how many months after the employment ends was the employee prohibited from disclosing any confidential information based on the contract between Avrbci Ltd and Txctcl AG?,Avrbci Ltd,Txctcl AG,0.0,6.
By how many days after the delivery time must the seller provide the customer with an invoice based on the contract between Qpubwe PLC and Okrb Qxpd?,Qpubwe PLC,Okrb Qxpd,0.0,4.
What was the address of delivery based on the contract between Paid Sick and Yrnw Lvgj?,Paid Sick,Yrnw Lvgj,0.0,552 Red Springs Drive.
How many weeks' written notice must the employer provide before any proposed changes to the terms of employment based on the contract between Yrnw Lvgj and Ctvepy SAS?,Yrnw Lvgj,Ctvepy SAS,0.0,5.
What was the effective date of the contract between Yrnw Lvgj and Clsvfw AG?,Yrnw Lvgj,Clsvfw AG,0.0,07-06-1997.
What was the late payment interest rate based on the contract between Okrb Qxpd and Mnmi Haem?,Okrb Qxpd,Mnmi Haem,0.0,5%.
Which jurisdiction's laws govern the contract between Ecxk Avfj and Tapd Abuk?,Ecxk Avfj,Tapd Abuk,0.0,The State of Ohio.
Within how many days must the invoice be paid in full based on the contract between Mjlwxf NV and Ffsi Mneb?,Mjlwxf NV,Ffsi Mneb,0.0,10.
What was the work location based on the contract between Ecxk Avfj and Dmimyu GmbH?,Ecxk Avfj,Dmimyu GmbH,0.0,53 MnfN.
How many days of paid holiday leave were provided to the employee based on the contract between Txctcl AG and Dmimyu GmbH?,Txctcl AG,Dmimyu GmbH,0.0,25.
How many days of paid holiday leave were provided to the employee based on the contract between Yrnw Lvgj and Wnzatj SAS?,Yrnw Lvgj,Wnzatj SAS,0.0,21.
What was the quantity of the good being sold based on the contract between Jzrcws SA and Ffsi Mneb?,Jzrcws SA,Ffsi Mneb,0.0,24.
For how many months did the non-compete clause cover based on the contract between Paid Sick and Tapd Abuk?,Paid Sick,Tapd Abuk,0.0,14.
At what hour did the workday start based on the contract between Clsvfw AG and Lasnoj SAS?,Clsvfw AG,Lasnoj SAS,0.0,8.
Who would be responsible for the costs of the shipment based on the contract between Qsihxg GmbH and Errg Zipo?,Qsihxg GmbH,Errg Zipo,0.0,Customer.
Who would decide the shipping method based on the contract between Vkitze GmbH and Okrb Qxpd?,Vkitze GmbH,Okrb Qxpd,0.0,Seller.
What was the good that the seller was selling to the customer based on the contract between Skqn Esui and Clsvfw AG?,Skqn Esui,Clsvfw AG,0.0,Sunglasses.
What was the address of delivery based on the contract between Vkitze GmbH and Wnzatj SAS?,Vkitze GmbH,Wnzatj SAS,0.0,687 Ynzrk Brunnel.
For how many months did the non-compete clause cover based on the contract between Clsvfw AG and Vkitze GmbH?,Clsvfw AG,Vkitze GmbH,0.0,14.
At what hour did the workday start based on the contract between Yrnw Lvgj and Skqn Esui?,Yrnw Lvgj,Skqn Esui,0.0,9.
Within how many days must the invoice be paid in full based on the contract between Ecxk Avfj and Qsihxg GmbH?,Ecxk Avfj,Qsihxg GmbH,0.0,10.
What was the frequency of salary payment based on the contract between Mnmi Haem and Vkitze GmbH?,Mnmi Haem,Vkitze GmbH,0.0,bi-weekly.
For how many months did the non-compete clause cover based on the contract between Ajoo Gufx and Jzrcws SA?,Ajoo Gufx,Jzrcws SA,0.0,14.
What was the effective date of the contract between Qpubwe PLC and Cqndue LLC?,Qpubwe PLC,Cqndue LLC,0.0,02-09-2019.
What was the address of Qpubwe PLC in the contract with Cqndue LLC?,Qpubwe PLC,Cqndue LLC,0.0,622 Iamas Square.
What was the quantity of the good being sold based on the contract between Clsvfw AG and Yrnw Lvgj?,Clsvfw AG,Yrnw Lvgj,0.0,23.
For how many months will the employer employ the employee based on the contract between Lasnoj SAS and Ajoo Gufx?,Lasnoj SAS,Ajoo Gufx,0.0,16 months.
What was the late payment interest rate based on the contract between Qpubwe PLC and Lasnoj SAS?,Qpubwe PLC,Lasnoj SAS,0.0,4%.
Who would be responsible for the costs of the shipment based on the contract between Cqndue LLC and Clsvfw AG?,Cqndue LLC,Clsvfw AG,0.0,Seller.
What was the address of Vkitze GmbH based on the contract between Okrb Qxpd and Vkitze GmbH?,Vkitze GmbH,Okrb Qxpd,0.0,537 Sarduna Place.
What was the effective date of the contract between Okrb Qxpd and Qsihxg GmbH?,Okrb Qxpd,Qsihxg GmbH,0.0,04-09-1995.
How many weeks' written notice must the employer provide before any proposed changes to the terms of employment based on the contract between Cqndue LLC and Avrbci Ltd?,Cqndue LLC,Avrbci Ltd,0.0,8.
What was the duration of the cooling-off period in days based on the contract between Okrb Qxpd and Qpubwe PLC?,Okrb Qxpd,Qpubwe PLC,0.0,6.
Within how many days must the invoice be paid in full based on the contract between Cqndue LLC and Errg Zipo?,Cqndue LLC,Errg Zipo,0.0,10.
Within how many days of discovering a defect must the customer notify the seller in writing in the event of a breach of warranty based on the contract between Xqtb Laur and Qsihxg GmbH?,Xqtb Laur,Qsihxg GmbH,0.0,15.
What was the number of days the employee was entitled to Ecxk Avfj in each year of employment based on the contract between Qpubwe PLC and {ENT3}?,Ecxk Avfj,Qpubwe PLC,0.0,13.
Who would be responsible for the costs of the shipment based on the contract between Vkitze GmbH and Xqtb Laur?,Vkitze GmbH,Xqtb Laur,0.0,Customer.
What was the total price in dollars of the good being sold based on the contract between Ecxk Avfj and Paid Sick?,Ecxk Avfj,Paid Sick,0.0,1314.
What was the duration of the cooling-off period in days based on the contract between Qsihxg GmbH and Ajoo Gufx?,Qsihxg GmbH,Ajoo Gufx,0.0,7.
What was the unit price in dollars of the good being sold based on the contract between Dmimyu GmbH and Cqndue LLC?,Dmimyu GmbH,Cqndue LLC,0.0,67.
What was the number of days the employee was entitled to Yrnw Lvgj in each year of employment based on the contract between Mnmi Haem and {ENT3}?,Yrnw Lvgj,Mnmi Haem,0.0,12.
For how many months after the employment ends was the employee prohibited from disclosing any confidential information based on the contract between Dmimyu GmbH and Mnmi Haem?,Dmimyu GmbH,Mnmi Haem,0.0,9.
What was the address of Okrb Qxpd in the contract with Clsvfw AG?,Okrb Qxpd,Clsvfw AG,0.0,634 Aixtxm Place.
Within how many days of discovering a defect must the customer notify the seller in writing in the event of a breach of warranty based on the contract between Txctcl AG and Tapd Abuk?,Txctcl AG,Tapd Abuk,0.0,15.
What was the duration of the cooling-off period in days based on the contract between Vkitze GmbH and Yrnw Lvgj?,Vkitze GmbH,Yrnw Lvgj,0.0,7.
How many days of paid holiday leave were provided to the employee based on the contract between Jzrcws SA and Skqn Esui?,Jzrcws SA,Skqn Esui,0.0,13.
What was the effective date of the contract between Qsihxg GmbH and Errg Zipo?,Qsihxg GmbH,Errg Zipo,0.0,15-05-2015.
What was the principal business location of Okrb Qxpd based on the contract between Okrb Qxpd and Mjlwxf NV?,Okrb Qxpd,Mjlwxf NV,0.0,627 Ykijd Street.
What was the late payment interest rate based on the contract between Nchdfd AG and Tapd Abuk?,Nchdfd AG,Tapd Abuk,0.0,5%.
What was the start date based on the contract between Txctcl AG and Yrnw Lvgj?,Txctcl AG,Yrnw Lvgj,0.0,05-12-1992.
What was the effective date of the contract between Lasnoj SAS and Avrbci Ltd?,Lasnoj SAS,Avrbci Ltd,0.0,01-06-1990.
What was the work location based on the contract between Okrb Qxpd and Errg Zipo?,Okrb Qxpd,Errg Zipo,0.0,228 Ivyuxen Road.
What was the quantity of the good being sold based on the contract between Yrnw Lvgj and Xqtb Laur?,Yrnw Lvgj,Xqtb Laur,0.0,2.
What was the start date based on the contract between Jzrcws SA and Skqn Esui?,Jzrcws SA,Skqn Esui,0.0,15-10-1990.
What was the job position based on the contract between Mjlwxf NV and Cqndue LLC?,Mjlwxf NV,Cqndue LLC,0.0,Research Scientist.
How many days of paid holiday leave were provided to the employee based on the contract between Ajoo Gufx and Jzrcws SA?,Ajoo Gufx,Jzrcws SA,0.0,18.
What was the hourly basic pay in dollars based on the contract between Yrnw Lvgj and Errg Zipo?,Yrnw Lvgj,Errg Zipo,0.0,17.
Within how many days of discovering a defect must the customer notify the seller in writing in the event of a breach of warranty based on the contract between Ctvepy SAS and Xqtb Laur?,Ctvepy SAS,Xqtb Laur,0.0,15.
At what hour did the workday finish based on the contract between Xqtb Laur and Wnzatj SAS?,Xqtb Laur,Wnzatj SAS,0.0,18.
What was the job position based on the contract between Lasnoj SAS and Avrbci Ltd?,Lasnoj SAS,Avrbci Ltd,0.0,Taxanter.
At what hour did the workday start based on the contract between Vkitze GmbH and Paid Sick?,Vkitze GmbH,Paid Sick,0.0,7.
What was the quantity of the good being sold based on the contract between Nchdfd AG and Tapd Abuk?,Nchdfd AG,Tapd Abuk,0.0,27.
What was the principal business location of Nchdfd AG based on the contract between Nchdfd AG and Errg Zipo?,Nchdfd AG,Errg Zipo,0.0,839 Yisudl Road.
How many weeks' written notice of termination must the employee and employer each provide to the other based on the contract between Mjlwxf NV and Qsihxg GmbH?,Mjlwxf NV,Qsihxg GmbH,0.0,5.
What was the job position based on the contract between Skqn Esui and Cqndue LLC?,Skqn Esui,Cqndue LLC,0.0,Research Scientist.
What was the work location based on the contract between Qsihxg GmbH and Jzrcws SA?,Qsihxg GmbH,Jzrcws SA,0.0,226 Nglqwy Drive.
For how many months will the employer employ the employee based on the contract between Vkitze GmbH and Ctvepy SAS?,Vkitze GmbH,Ctvepy SAS,0.0,16 months.
What was the effective date of the contract between Txctcl AG and Cqndue LLC?,Txctcl AG,Cqndue LLC,0.0,20-04-1985.
For how many months after the employment ends was the employee prohibited from disclosing any confidential information based on the contract between Lasnoj SAS and Mnmi Haem?,Lasnoj SAS,Mnmi Haem,0.0,9.
For how many months will the employer employ the employee based on the contract between Mjlwxf NV and Paid Sick?,Mjlwxf NV,Paid Sick,0.0,11 months.
At what hour did the workday start based on the contract between Jzrcws SA and Skqn Esui?,Jzrcws SA,Skqn Esui,0.0,10.
For how many months after the employment ends was the employee prohibited from disclosing any confidential information based on the contract between Lasnoj SAS and Xqtb Laur?,Lasnoj SAS,Xqtb Laur,0.0,3.
What was the unit price in dollars of the good being sold based on the contract between Cqndue LLC and Txctcl AG?,Cqndue LLC,Txctcl AG,0.0,67.
What was the unit price in dollars of the good being sold based on the contract between Xqtb Laur and Qsihxg GmbH?,Xqtb Laur,Qsihxg GmbH,0.0,67.
What was the duration of the general warranty period in years based on the contract between Ctvepy SAS and Mjlwxf NV?,Ctvepy SAS,Mjlwxf NV,0.0,5.
What was the address of Errg Zipo in the contract with Wnzatj SAS?,Errg Zipo,Wnzatj SAS,0.0,628 Xsaesj Place.
What was the unit price in dollars of the good being sold based on the contract between Nchdfd AG and Qpubwe PLC?,Nchdfd AG,Qpubwe PLC,0.0,67.
What was the address of Clsvfw AG in the contract with Txctcl AG?,Clsvfw AG,Txctcl AG,0.0,537 Nijoja Plaza.
At what hour did the workday finish based on the contract between Tapd Abuk and Vkitze GmbH?,Tapd Abuk,Vkitze GmbH,0.0,18.
What was the duration of the cooling-off period in days based on the contract between Wnzatj SAS and Xqtb Laur?,Wnzatj SAS,Xqtb Laur,0.0,13.
How many days of paid holiday leave were provided to the employee based on the contract between Vkitze GmbH and Errg Zipo?,Vkitze GmbH,Errg Zipo,0.0,25.
What was the address of Qsihxg GmbH in the contract with Tapd Abuk?,Qsihxg GmbH,Tapd Abuk,0.0,387 Qcgbms Avenue.
What benefit was provided to the employee based on the contract between Clsvfw AG and Xqtb Laur?,Clsvfw AG,Xqtb Laur,0.0,health insurance.
Who would be responsible for the costs of the shipment based on the contract between Nchdfd AG and Ecxk Avfj?,Nchdfd AG,Ecxk Avfj,0.0,Customer.
What was the address of Ctvepy SAS in the contract with Tapd Abuk?,Ctvepy SAS,Tapd Abuk,0.0,627 Wbji2 Street.
Who would decide the shipping method based on the contract between Yrnw Lvgj and Txctcl AG?,Yrnw Lvgj,Txctcl AG,0.0,Seller.
For how many months will the employer employ the employee based on the contract between Txctcl AG and Mnmi Haem?,Txctcl AG,Mnmi Haem,0.0,19 months.
What was the work location based on the contract between Cqndue LLC and Skqn Esui?,Cqndue LLC,Skqn Esui,0.0,713 Ubifxa Road.
What was the address of Qsihxg GmbH in the contract with Avrbci Ltd?,Qsihxg GmbH,Avrbci Ltd,0.0,387 Qcgbms Avenue.
What was the work location based on the contract between Mnmi Haem and Xqtb Laur?,Mnmi Haem,Xqtb Laur,0.0,787 Qefeh Street.
What was the quantity of the good being sold based on the contract between Skqn Esui and Xqtb Laur?,Skqn Esui,Xqtb Laur,0.0,2.
What was the address of Ctvepy SAS in the contract with Jzrcws SA?,Ctvepy SAS,Jzrcws SA,0.0,153 Mtueq Road.
At what hour did the workday finish based on the contract between Ecxk Avfj and Mnmi Haem?,Ecxk Avfj,Mnmi Haem,0.0,16.
What was the unit price in dollars of the good being sold based on the contract between Nchdfd AG and Paid Sick?,Nchdfd AG,Paid Sick,0.0,67.
What was the good that the seller was selling to the customer based on the contract between Ajoo Gufx and Qpubwe PLC?,Ajoo Gufx,Qpubwe PLC,0.0,Rings.
After how many days would unpaid balances incur a late payment penalty based on the contract between Jzrcws SA and Tapd Abuk?,Jzrcws SA,Tapd Abuk,0.0,10.
What was the quantity of the good being sold based on the contract between Paid Sick and Txctcl AG?,Paid Sick,Txctcl AG,0.0,4.
What was the address of delivery based on the contract between Dmimyu GmbH and Ecxk Avfj?,Dmimyu GmbH,Ecxk Avfj,0.0,644 Kyyzz Street.
For how many months after the employment ends was the employee prohibited from disclosing any confidential information based on the contract between Skqn Esui and Yrnw Lvgj?,Skqn Esui,Yrnw Lvgj,0.0,3.
At what hour did the workday finish based on the contract between Cqndue LLC and Nchdfd AG?,Cqndue LLC,Nchdfd AG,0.0,18.
What was the late payment interest rate based on the contract between Dmimyu GmbH and Mjlwxf NV?,Dmimyu GmbH,Mjlwxf NV,0.0,5%.
How many days of paid holiday leave were provided to the employee based on the contract between Qsihxg GmbH and Cqndue LLC?,Qsihxg GmbH,Cqndue LLC,0.0,25.
What was the principal business location of Wnzatj SAS based on the contract between Wnzatj SAS and Errg Zipo?,Wnzatj SAS,Errg Zipo,0.0,941 Tncnje Way.
What was the number of days the employee was entitled to Xqtb Laur in each year of employment based on the contract between Okrb Qxpd and {ENT3}?,Xqtb Laur,Okrb Qxpd,0.0,14.
What was the good that the seller was selling to the customer based on the contract between Ecxk Avfj and Yrnw Lvgj?,Ecxk Avfj,Yrnw Lvgj,0.0,Sunglasses.
What benefit was provided to the employee based on the contract between Clsvfw AG and Paid Sick?,Clsvfw AG,Paid Sick,0.0,Child Sick.
What was the duration of the cooling-off period in days based on the contract between Qsihxg GmbH and Skqn Esui?,Qsihxg GmbH,Skqn Esui,0.0,8.
What was the hourly basic pay in dollars based on the contract between Errg Zipo and Mnmi Haem?,Errg Zipo,Mnmi Haem,0.0,91.
What was the frequency of salary payment based on the contract between Ffsi Mneb and Qsihxg GmbH?,Ffsi Mneb,Qsihxg GmbH,0.0,weekly.
What was the number of days the employee was entitled to Clsvfw AG in each year of employment based on the contract between Okrb Qxpd and {ENT3}?,Clsvfw AG,Okrb Qxpd,0.0,15.
Who would be responsible for the costs of the shipment based on the contract between Xqtb Laur and Okrb Qxpd?,Xqtb Laur,Okrb Qxpd,0.0,Customer.
Which jurisdiction's laws govern the contract between Ffsi Mneb and Clsvfw AG?,Ffsi Mneb,Clsvfw AG,0.0,The State of New York.
Within how many days must the invoice be paid in full based on the contract between Qpubwe PLC and Ffsi Mneb?,Qpubwe PLC,Ffsi Mneb,0.0,15.
How many days of paid holiday leave were provided to the employee based on the contract between Vkitze GmbH and Wnzatj SAS?,Vkitze GmbH,Wnzatj SAS,0.0,25.
What was the number of days the employee was entitled to Wnzatj SAS in each year of employment based on the contract between Ecxk Avfj and {ENT3}?,Wnzatj SAS,Ecxk Avfj,0.0,12.
Which jurisdiction's laws govern the contract between Tapd Abuk and Wnzatj SAS?,Tapd Abuk,Wnzatj SAS,0.0,The State of Ohio.
For how many months did the non-compete clause cover based on the contract between Ajoo Gufx and Lasnoj SAS?,Ajoo Gufx,Lasnoj SAS,0.0,16.
How many days of paid holiday leave were provided to the employee based on the contract between Mnmi Haem and Xqtb Laur?,Mnmi Haem,Xqtb Laur,0.0,18.
Which jurisdiction's laws govern the contract between Clsvfw AG and Paid Sick?,Clsvfw AG,Paid Sick,0.0,The State of New York.
For how many months did the non-compete clause cover based on the contract between Cqndue LLC and Qsihxg GmbH?,Cqndue LLC,Qsihxg GmbH,0.0,15.
What was the job position based on the contract between Qpubwe PLC and Dmimyu GmbH?,Qpubwe PLC,Dmimyu GmbH,0.0,Risk Management.
What was the unit price in dollars of the good being sold based on the contract between Lasnoj SAS and Ecxk Avfj?,Lasnoj SAS,Ecxk Avfj,0.0,67.
What was the principal business location of Txctcl AG based on the contract between Txctcl AG and Mnmi Haem?,Txctcl AG,Mnmi Haem,0.0,825 Wbkqy Highway.
What was the number of days the employee was entitled to Ctvepy SAS in each year of employment based on the contract between Txctcl AG and {ENT3}?,Ctvepy SAS,Txctcl AG,0.0,5.
What was the good that the seller was selling to the customer based on the contract between Ctvepy SAS and Skqn Esui?,Ctvepy SAS,Skqn Esui,0.0,Necklaces.
What was the job position based on the contract between Dmimyu GmbH and Jzrcws SA?,Dmimyu GmbH,Jzrcws SA,0.0,Data Analyst.
What was the duration of the general warranty period in years based on the contract between Nchdfd AG and Lasnoj SAS?,Nchdfd AG,Lasnoj SAS,0.0,4.
How many weeks' written notice of termination must the employee and employer each provide to the other based on the contract between Jzrcws SA and Ctvepy SAS?,Jzrcws SA,Ctvepy SAS,0.0,8.
At what hour did the workday finish based on the contract between Ajoo Gufx and Xqtb Laur?,Ajoo Gufx,Xqtb Laur,0.0,17.
For how many months will the employer employ the employee based on the contract between Wnzatj SAS and Ffsi Mneb?,Wnzatj SAS,Ffsi Mneb,0.0,42 months.
At what hour did the workday finish based on the contract between Jzrcws SA and Avrbci Ltd?,Jzrcws SA,Avrbci Ltd,0.0,16.
What was the frequency of salary payment based on the contract between Lasnoj SAS and Ecxk Avfj?,Lasnoj SAS,Ecxk Avfj,0.0,bi-weekly.
Within how many days of discovering a defect must the customer notify the seller in writing in the event of a breach of warranty based on the contract between Avrbci Ltd and Nchdfd AG?,Avrbci Ltd,Nchdfd AG,0.0,15.
What was the frequency of salary payment based on the contract between Ecxk Avfj and Cqndue LLC?,Ecxk Avfj,Cqndue LLC,0.0,bi-weekly.
What was the late payment interest rate based on the contract between Mnmi Haem and Paid Sick?,Mnmi Haem,Paid Sick,0.0,3%.
What was the address of Mjlwxf NV based on the contract between Cqndue LLC and Mjlwxf NV?,Mjlwxf NV,Cqndue LLC,0.0,856 Wbjiww Drive.
What was the frequency of salary payment based on the contract between Mjlwxf NV and Vkitze GmbH?,Mjlwxf NV,Vkitze GmbH,0.0,weekly.
How many days of paid holiday leave were provided to the employee based on the contract between Tapd Abuk and Mnmi Haem?,Tapd Abuk,Mnmi Haem,0.0,18.
At what hour did the workday start based on the contract between Yrnw Lvgj and Dmimyu GmbH?,Yrnw Lvgj,Dmimyu GmbH,0.0,9.
How many weeks' written notice of termination must the employee and employer each provide to the other based on the contract between Ctvepy SAS and Errg Zipo?,Ctvepy SAS,Errg Zipo,0.0,11.
Within how many days of discovering a defect must the customer notify the seller in writing in the event of a breach of warranty based on the contract between Ajoo Gufx and Lasnoj SAS?,Ajoo Gufx,Lasnoj SAS,0.0,20.
How many weeks' written notice of termination must the employee and employer each provide to the other based on the contract between Ctvepy SAS and Xqtb Laur?,Ctvepy SAS,Xqtb Laur,0.0,11.
Who would decide the shipping method based on the contract between Mjlwxf NV and Dmimyu GmbH?,Mjlwxf NV,Dmimyu GmbH,0.0,Seller.
How many weeks' written notice must the employer provide before any proposed changes to the terms of employment based on the contract between Mjlwxf NV and Errg Zipo?,Mjlwxf NV,Errg Zipo,0.0,5.
Who would decide the shipping method based on the contract between Avrbci Ltd and Paid Sick?,Avrbci Ltd,Paid Sick,0.0,Customer.
What was the total price in dollars of the good being sold based on the contract between Vkitze GmbH and Paid Sick?,Vkitze GmbH,Paid Sick,0.0,359.
What was the start date based on the contract between Mjlwxf NV and Skqn Esui?,Mjlwxf NV,Skqn Esui,0.0,14-06-1993.
After how many days would unpaid balances incur a late payment penalty based on the contract between Ajoo Gufx and Nchdfd AG?,Ajoo Gufx,Nchdfd AG,0.0,20.
At what hour did the workday start based on the contract between Tapd Abuk and Skqn Esui?,Tapd Abuk,Skqn Esui,0.0,10.
At what hour did the workday start based on the contract between Qsihxg GmbH and Txctcl AG?,Qsihxg GmbH,Txctcl AG,0.0,8.
At what hour did the workday start based on the contract between Yrnw Lvgj and Paid Sick?,Yrnw Lvgj,Paid Sick,0.0,9.
What was the late payment interest rate based on the contract between Ffsi Mneb and Paid Sick?,Ffsi Mneb,Paid Sick,0.0,3%.
What was the quantity of the good being sold based on the contract between Dmimyu GmbH and Jzrcws SA?,Dmimyu GmbH,Jzrcws SA,0.0,22.
What was the address of delivery based on the contract between Yrnw Lvgj and Mjlwxf NV?,Yrnw Lvgj,Mjlwxf NV,0.0,552 Iqlke Road.
What was the job position based on the contract between Vkitze GmbH and Qpubwe PLC?,Vkitze GmbH,Qpubwe PLC,0.0,Bond Settler.
What was the job position based on the contract between Nchdfd AG and Clsvfw AG?,Nchdfd AG,Clsvfw AG,0.0,Research Scientist.
What was the late payment interest rate based on the contract between Lasnoj SAS and Okrb Qxpd?,Lasnoj SAS,Okrb Qxpd,0.0,2%.
What was the start date based on the contract between Txctcl AG and Ffsi Mneb?,Txctcl AG,Ffsi Mneb,0.0,19-01-1984.
What was the address of delivery based on the contract between Qpubwe PLC and Dmimyu GmbH?,Qpubwe PLC,Dmimyu GmbH,0.0,929 Ynhghk Lane.
How many weeks' written notice must the employer provide before any proposed changes to the terms of employment based on the contract between Ajoo Gufx and Paid Sick?,Ajoo Gufx,Paid Sick,0.0,7.
What was the unit price in dollars of the good being sold based on the contract between Vkitze GmbH and Ffsi Mneb?,Vkitze GmbH,Ffsi Mneb,0.0,61.
What was the unit price in dollars of the good being sold based on the contract between Cqndue LLC and Mnmi Haem?,Cqndue LLC,Mnmi Haem,0.0,67.
Who would decide the shipping method based on the contract between Qsihxg GmbH and Yrnw Lvgj?,Qsihxg GmbH,Yrnw Lvgj,0.0,Seller.
Who would decide the shipping method based on the contract between Qpubwe PLC and Skqn Esui?,Qpubwe PLC,Skqn Esui,0.0,Customer.
What was the principal business location of Nchdfd AG based on the contract between Nchdfd AG and Dmimyu GmbH?,Nchdfd AG,Dmimyu GmbH,0.0,537 Bxmlle Road.
What was the unit price in dollars of the good being sold based on the contract between Mnmi Haem and Yrnw Lvgj?,Mnmi Haem,Yrnw Lvgj,0.0,67.
For how many months will the employer employ the employee based on the contract between Ffsi Mneb and Vkitze GmbH?,Ffsi Mneb,Vkitze GmbH,0.0,16 months.
How many days of paid holiday leave were provided to the employee based on the contract between Paid Sick and Mnmi Haem?,Paid Sick,Mnmi Haem,0.0,18.
How many weeks' written notice of termination must the employee and employer each provide to the other based on the contract between Paid Sick and Lasnoj SAS?,Paid Sick,Lasnoj SAS,0.0,8.
What was the unit price in dollars of the good being sold based on the contract between Mnmi Haem and Ajoo Gufx?,Mnmi Haem,Ajoo Gufx,0.0,67.
What was the good that the seller was selling to the customer based on the contract between Okrb Qxpd and Ctvepy SAS?,Okrb Qxpd,Ctvepy SAS,0.0,Sunglasses.
What was the total price in dollars of the good being sold based on the contract between Nchdfd AG and Qsihxg GmbH?,Nchdfd AG,Qsihxg GmbH,0.0,3599.
What was the duration of the general warranty period in years based on the contract between Wnzatj SAS and Txctcl AG?,Wnzatj SAS,Txctcl AG,0.0,5.
How many days of paid holiday leave were provided to the employee based on the contract between Mjlwxf NV and Wnzatj SAS?,Mjlwxf NV,Wnzatj SAS,0.0,21.
What was the good that the seller was selling to the customer based on the contract between Skqn Esui and Okrb Qxpd?,Skqn Esui,Okrb Qxpd,0.0,Necklaces.
What was the quantity of the good being sold based on the contract between Ffsi Mneb and Nchdfd AG?,Ffsi Mneb,Nchdfd AG,0.0,22.
How many days of paid holiday leave were provided to the employee based on the contract between Vkitze GmbH and Jzrcws SA?,Vkitze GmbH,Jzrcws SA,0.0,25.
What was the effective date of the contract between Xqtb Laur and Cqndue LLC?,Xqtb Laur,Cqndue LLC,0.0,06-01-1997.
What was the address of Yrnw Lvgj in the contract with Vkitze GmbH?,Yrnw Lvgj,Vkitze GmbH,0.0,537 Ykijsd Highway.
What was the address of Lasnoj SAS based on the contract between Nchdfd AG and Lasnoj SAS?,Lasnoj SAS,Nchdfd AG,0.0,25 ejdauz Vitkj Street.
For how many months did the non-compete clause cover based on the contract between Ecxk Avfj and Ffsi Mneb?,Ecxk Avfj,Ffsi Mneb,0.0,14.
Who would be responsible for the costs of the shipment based on the contract between Tapd Abuk and Okrb Qxpd?,Tapd Abuk,Okrb Qxpd,0.0,Customer.
What benefit was provided to the employee based on the contract between Ajoo Gufx and Ffsi Mneb?,Ajoo Gufx,Ffsi Mneb,0.0,vision insurance.
What was the address of Mjlwxf NV based on the contract between Yrnw Lvgj and Mjlwxf NV?,Mjlwxf NV,Yrnw Lvgj,0.0,628 Xsaesj Place.
At what hour did the workday finish based on the contract between Skqn Esui and Clsvfw AG?,Skqn Esui,Clsvfw AG,0.0,18.
What was the hourly basic pay in dollars based on the contract between Tapd Abuk and Yrnw Lvgj?,Tapd Abuk,Yrnw Lvgj,0.0,45.
Who would decide the shipping method based on the contract between Jzrcws SA and Errg Zipo?,Jzrcws SA,Errg Zipo,0.0,Customer.
What was the number of days the employee was entitled to Ecxk Avfj in each year of employment based on the contract between Yrnw Lvgj and {ENT3}?,Ecxk Avfj,Yrnw Lvgj,0.0,11.
What was the principal business location of Wnzatj SAS based on the contract between Wnzatj SAS and Nchdfd AG?,Wnzatj SAS,Nchdfd AG,0.0,949 Ynxtx Road.
What was the unit price in dollars of the good being sold based on the contract between Tapd Abuk and Paid Sick?,Tapd Abuk,Paid Sick,0.0,67.
What was the unit price in dollars of the good being sold based on the contract between Ffsi Mneb and Cqndue LLC?,Ffsi Mneb,Cqndue LLC,0.0,67.
For how many months will the employer employ the employee based on the contract between Qpubwe PLC and Ctvepy SAS?,Qpubwe PLC,Ctvepy SAS,0.0,16 months.
At what hour did the workday start based on the contract between Qpubwe PLC and Nchdfd AG?,Qpubwe PLC,Nchdfd AG,0.0,11.
What was the late payment interest rate based on the contract between Qpubwe PLC and Avrbci Ltd?,Qpubwe PLC,Avrbci Ltd,0.0,5%.
Who would be responsible for the costs of the shipment based on the contract between Xqtb Laur and Txctcl AG?,Xqtb Laur,Txctcl AG,0.0,Customer.
After how many days would unpaid balances incur a late payment penalty based on the contract between Nchdfd AG and Avrbci Ltd?,Nchdfd AG,Avrbci Ltd,0.0,20.
What was the job position based on the contract between Ecxk Avfj and Paid Sick?,Ecxk Avfj,Paid Sick,0.0,Data Analyst.
How many weeks' written notice of termination must the employee and employer each provide to the other based on the contract between Qsihxg GmbH and Skqn Esui?,Qsihxg GmbH,Skqn Esui,0.0,8.
What was the late payment interest rate based on the contract between Ctvepy SAS and Qpubwe PLC?,Ctvepy SAS,Qpubwe PLC,0.0,2%.
What was the effective date of the contract between Mjlwxf NV and Ajoo Gufx?,Mjlwxf NV,Ajoo Gufx,0.0,15-02-1993.
What was the effective date of the contract between Vkitze GmbH and Ffsi Mneb?,Vkitze GmbH,Ffsi Mneb,0.0,04-09-1995.
What was the work location based on the contract between Xqtb Laur and Ffsi Mneb?,Xqtb Laur,Ffsi Mneb,0.0,715 Ubifxa Road.
What was the duration of the cooling-off period in days based on the contract between Qsihxg GmbH and Jzrcws SA?,Qsihxg GmbH,Jzrcws SA,0.0,13.
Who would be responsible for the costs of the shipment based on the contract between Tapd Abuk and Yrnw Lvgj?,Tapd Abuk,Yrnw Lvgj,0.0,Customer.
What was the total price in dollars of the good being sold based on the contract between Clsvfw AG and Errg Zipo?,Clsvfw AG,Errg Zipo,0.0,28.
Who would be responsible for the costs of the shipment based on the contract between Ctvepy SAS and Clsvfw AG?,Ctvepy SAS,Clsvfw AG,0.0,Customer.
After how many days would unpaid balances incur a late payment penalty based on the contract between Qpubwe PLC and Ffsi Mneb?,Qpubwe PLC,Ffsi Mneb,0.0,10.
For how many months did the non-compete clause cover based on the contract between Txctcl AG and Paid Sick?,Txctcl AG,Paid Sick,0.0,14.
What was the hourly basic pay in dollars based on the contract between Nchdfd AG and Mnmi Haem?,Nchdfd AG,Mnmi Haem,0.0,91.
At what hour did the workday start based on the contract between Txctcl AG and Qsihxg GmbH?,Txctcl AG,Qsihxg GmbH,0.0,8.
What was the duration of the cooling-off period in days based on the contract between Paid Sick and Ecxk Avfj?,Paid Sick,Ecxk Avfj,0.0,7.
What was the work location based on the contract between Mjlwxf NV and Qpubwe PLC?,Mjlwxf NV,Qpubwe PLC,0.0,228 Iupdbg Road.
By how many days after the delivery time must the seller provide the customer with an invoice based on the contract between Vkitze GmbH and Cqndue LLC?,Vkitze GmbH,Cqndue LLC,0.0,2.
How many days of paid holiday leave were provided to the employee based on the contract between Skqn Esui and Txctcl AG?,Skqn Esui,Txctcl AG,0.0,18.
What was the duration of the general warranty period in years based on the contract between Ecxk Avfj and Clsvfw AG?,Ecxk Avfj,Clsvfw AG,0.0,5.
What was the job position based on the contract between Skqn Esui and Ecxk Avfj?,Skqn Esui,Ecxk Avfj,0.0,Risk Management.
What was the total price in dollars of the good being sold based on the contract between Qpubwe PLC and Skqn Esui?,Qpubwe PLC,Skqn Esui,0.0,1809.
After how many days would unpaid balances incur a late payment penalty based on the contract between Ctvepy SAS and Paid Sick?,Ctvepy SAS,Paid Sick,0.0,10.
Which jurisdiction's laws govern the contract between Qpubwe PLC and Nchdfd AG?,Qpubwe PLC,Nchdfd AG,0.0,The State of North Carolina.
What was the frequency of salary payment based on the contract between Nchdfd AG and Okrb Qxpd?,Nchdfd AG,Okrb Qxpd,0.0,bi-weekly.
What was the address of Clsvfw AG in the contract with Avrbci Ltd?,Clsvfw AG,Avrbci Ltd,0.0,537 NJ Zuve.
What was the work location based on the contract between Ecxk Avfj and Cqndue LLC?,Ecxk Avfj,Cqndue LLC,0.0,725 Wbjiq Point.
